{"schemaVersion":"1.0","appDefinitionTemplate":{"id":"/providers/Microsoft.PowerApps/apps/","type":"Microsoft.PowerApps/apps","tags":{"primaryDeviceWidth":"1366","primaryDeviceHeight":"768","sienaVersion":"20201102T151900Z-3.20101.20.0","deviceCapabilities":"","supportsPortrait":"false","supportsLandscape":"true","primaryFormFactor":"Tablet","publisherVersion":"3.20101.20","minimumRequiredApiVersion":"2.2.0","hasComponent":"true","hasUnlockedComponent":"true","isUnifiedRootApp":"false"},"properties":{"appVersion":"2020-11-02T15:19:00Z","lifeCycleId":"Published","createdByClientVersion":{"major":3,"minor":20101,"build":20,"revision":0,"majorRevision":0,"minorRevision":0},"minClientVersion":{"major":3,"minor":20101,"build":20,"revision":0,"majorRevision":0,"minorRevision":0},"backgroundColor":"rgba(76, 74, 72, 1)","backgroundImageUri":"/7930654568155357923/Nfb28c477-800e-42a9-9db9-a053640dce75-logoSmallFile","displayName":"M365 Photo Update - Customer Template","description":"Update your Microsoft 365 profile picture with a fun filter!","commitMessage":"","appUris":{"documentUri":{"value":"/7930654568155357923/N86f65843-3a7c-41f0-b50c-3d72388e0734-document.msapp","readonlyValue":"/7930654568155357923/N86f65843-3a7c-41f0-b50c-3d72388e0734-document.msapp"},"imageUris":[]},"createdTime":"0001-01-01T00:00:00Z","lastModifiedTime":"0001-01-01T00:00:00Z","sharedGroupsCount":0,"sharedUsersCount":0,"icons":{"smallIconUri":"/7930654568155357923/N3c246a1a-5bdd-4626-9193-2fc74fce95bd-small.png","mediumIconUri":"/7930654568155357923/Nc2fa52c6-9ab4-4552-91f1-6817345bb97d-medium.png","largeIconUri":"/7930654568155357923/Na4767791-918d-47c6-8240-1afa989b5ad2-large.png","wideIconUri":"/7930654568155357923/N0f3cd241-c492-45b1-bc6e-e3ac033c5e85-wide.png"},"connectionReferences":{"00b7721e-828a-40f8-b4ab-4d9ac2f91157":{"id":"e5441ee3-0877-43d7-927b-fa022b622072","displayName":"Office 365 Users","iconUri":"https://connectoricons-prod.azureedge.net/releases/v1.0.1402/1.0.1402.2163/office365users/icon.png","dataSources":["Office365Users"],"dependencies":[],"dependents":[],"parameterHints":{},"isOnPremiseConnection":false,"bypassConsent":false,"dataSets":{},"apiTier":"Standard","isCustomApiConnection":false}},"databaseReferences":{},"almMode":"Environment","performanceOptimizationEnabled":true,"canConsumeAppPass":true,"executionRestrictions":{"isTeamsOnly":false,"dataLossPreventionEvaluationResult":{"status":"Compliant","lastEvaluationDate":"2020-11-02T15:06:58.8391495Z","violationDetails":[]}}},"isAppComponentLibrary":false,"appType":"ClassicCanvasApp","appComponents":[]}}